State,County,Votes_Norm
alabama,Autauga,0.494
alabama,Baldwin,0.578
alabama,Barbour,0.056
alabama,Bibb,0.556
alabama,Blount,0.814
alabama,Bullock,-0.509
alabama,Butler,0.135
alabama,Calhoun,0.413
alabama,Chambers,0.148
alabama,Cherokee,0.694
alabama,Chilton,0.666
alabama,Choctaw,0.136
alabama,Clarke,0.108
alabama,Clay,0.608
alabama,Cleburne,0.773
alabama,Coffee,0.567
alabama,Colbert,0.383
alabama,Conecuh,0.053
alabama,Coosa,0.305
alabama,Covington,0.686
alabama,Crenshaw,0.456
alabama,Cullman,0.778
alabama,Dale,0.504
alabama,Dallas,-0.376
alabama,DeKalb,0.694
alabama,Elmore,0.519
alabama,Escambia,0.367
alabama,Etowah,0.501
alabama,Fayette,0.652
alabama,Franklin,0.608
alabama,Geneva,0.724
alabama,Greene,-0.652
alabama,Hale,-0.2
alabama,Henry,0.416
alabama,Houston,0.476
alabama,Jackson,0.625
alabama,Jefferson,-0.072
alabama,Lamar,0.691
alabama,Lauderdale,0.461
alabama,Lawrence,0.487
alabama,Lee,0.231
alabama,Limestone,0.495
alabama,Lowndes,-0.469
alabama,Macon,-0.668
alabama,Madison,0.167
alabama,Marengo,-0.035
alabama,Marion,0.762
alabama,Marshall,0.695
alabama,Mobile,0.138
alabama,Monroe,0.144
alabama,Montgomery,-0.261
alabama,Morgan,0.524
alabama,Perry,-0.46
alabama,Pickens,0.156
alabama,Pike,0.203
alabama,Randolph,0.534
alabama,Russell,-0.019
alabama,Shelby,0.503
alabama,St. Clair,0.686
alabama,Sumter,-0.495
alabama,Talladega,0.255
alabama,Tallapoosa,0.416
alabama,Tuscaloosa,0.195
alabama,Walker,0.675
alabama,Washington,0.431
alabama,Wilcox,-0.425
alabama,Winston,0.815
arizona,Apache,-0.369
arizona,Cochise,0.226
arizona,Coconino,-0.194
arizona,Gila,0.31
arizona,Graham,0.393
arizona,Greenlee,0.246
arizona,La Paz,0.419
arizona,Maricopa,0.036
arizona,Mohave,0.514
arizona,Navajo,0.079
arizona,Pima,-0.131
arizona,Pinal,0.192
arizona,Santa Cruz,-0.487
arizona,Yavapai,0.315
arizona,Yuma,0.055
arkansas,Arkansas,0.304
arkansas,Ashley,0.362
arkansas,Baxter,0.532
arkansas,Benton,0.34
arkansas,Boone,0.577
arkansas,Bradley,0.231
arkansas,Calhoun,0.405
arkansas,Carroll,0.32
arkansas,Chicot,-0.152
arkansas,Clark,0.093
arkansas,Clay,0.297
arkansas,Cleburne,0.609
arkansas,Cleveland,0.518
arkansas,Columbia,0.261
arkansas,Conway,0.277
arkansas,Craighead,0.348
arkansas,Crawford,0.543
arkansas,Crittenden,-0.089
arkansas,Cross,0.376
arkansas,Dallas,0.123
arkansas,Desha,-0.074
arkansas,Drew,0.243
arkansas,Faulkner,0.31
arkansas,Franklin,0.541
arkansas,Fulton,0.503
arkansas,Garland,0.338
arkansas,Grant,0.543
arkansas,Greene,0.525
arkansas,Hempstead,0.288
arkansas,Hot Spring,0.422
arkansas,Howard,0.386
arkansas,Independence,0.518
arkansas,Izard,0.538
arkansas,Jackson,0.326
arkansas,Jefferson,-0.252
arkansas,Johnson,0.402
arkansas,Lafayette,0.254
arkansas,Lawrence,0.493
arkansas,Lee,-0.168
arkansas,Lincoln,0.315
arkansas,Little River,0.418
arkansas,Logan,0.509
arkansas,Lonoke,0.528
arkansas,Madison,0.488
arkansas,Marion,0.546
arkansas,Miller,0.436
arkansas,Mississippi,0.104
arkansas,Monroe,0.037
arkansas,Montgomery,0.529
arkansas,Nevada,0.261
arkansas,Newton,0.58
arkansas,Ouachita,0.104
arkansas,Perry,0.456
arkansas,Phillips,-0.267
arkansas,Pike,0.619
arkansas,Poinsett,0.239
arkansas,Polk,0.657
arkansas,Pope,0.5
arkansas,Prairie,0.492
arkansas,Pulaski,-0.176
arkansas,Randolph,0.484
arkansas,Saint Francis,-0.113
arkansas,Saline,0.43
arkansas,Scott,0.616
arkansas,Searcy,0.632
arkansas,Sebastian,0.376
arkansas,Sevier,0.483
arkansas,Sharp,0.543
arkansas,Stone,0.519
arkansas,Union,0.276
arkansas,Van Buren,0.539
arkansas,Washington,0.102
arkansas,White,0.568
arkansas,Woodruff,0.089
arkansas,Yell,0.487
california,Alameda,-0.634
california,Alpine,-0.186
california,Amador,0.264
california,Autauga,0.494
california,Baldwin,0.578
california,Barbour,0.056
california,Bibb,0.556
california,Blount,0.814
california,Bullock,-0.509
california,Butler,0.135
california,Butte,0.051
california,Calaveras,0.224
california,Calhoun,0.413
california,Chambers,0.148
california,Cherokee,0.694
california,Colusa,0.182
california,Contra Costa,-0.426
california,Del Norte,0.173
california,El Dorado,0.133
california,Fresno,-0.018
california,Glenn,0.301
california,Humboldt,-0.259
california,Imperial,-0.418
california,Inyo,0.133
california,Kern,0.178
california,Kings,0.174
california,Lake,-0.037
california,Lassen,0.502
california,Los Angeles,-0.481
california,Madera,0.173
california,Marin,-0.628
california,Mariposa,0.238
california,Mendocino,-0.292
california,Merced,-0.079
california,Modoc,0.48
california,Mono,-0.114
california,Monterey,-0.393
california,Napa,-0.353
california,Nevada,-0.045
california,Orange,-0.05
california,Placer,0.107
california,Plumas,0.21
california,Riverside,-0.02
california,Sacramento,-0.225
california,San Benito,-0.203
california,San Bernardino,-0.076
california,San Diego,-0.174
california,San Francisco,-0.754
california,San Joaquin,-0.113
california,San Luis Obispo,-0.083
california,San Mateo,-0.572
california,Santa Barbara,-0.284
california,Santa Clara,-0.517
california,Santa Cruz,-0.573
california,Shasta,0.367
california,Sierra,0.25
california,Siskiyou,0.214
california,Solano,-0.294
california,Sonoma,-0.479
california,Stanislaus,0.013
california,Sutter,0.171
california,Tehama,0.357
california,Trinity,0.113
california,Tulare,0.162
california,Tuolumne,0.19
california,Ventura,-0.159
california,Yolo,-0.421
california,Yuba,0.251
colorado,Adams,-0.073
colorado,Alamosa,-0.02
colorado,Arapahoe,-0.138
colorado,Archuleta,0.24
colorado,Baca,0.682
colorado,Bent,0.309
colorado,Boulder,-0.487
colorado,Broomfield,-0.141
colorado,Chaffee,0.046
colorado,Cheyenne,0.723
colorado,Clear Creek,-0.028
colorado,Conejos,0.033
colorado,Costilla,-0.29
colorado,Crowley,0.485
colorado,Custer,0.412
colorado,Delta,0.452
colorado,Denver,-0.565
colorado,Dolores,0.576
colorado,Douglas,0.181
colorado,Eagle,-0.199
colorado,El Paso,0.225
colorado,Elbert,0.54
colorado,Fremont,0.448
colorado,Garfield,0.07
colorado,Gilpin,-0.019
colorado,Grand,0.135
colorado,Gunnison,-0.197
colorado,Hinsdale,0.242
colorado,Huerfano,0.065
colorado,Jackson,0.531
colorado,Jefferson,-0.07
colorado,Kiowa,0.744
colorado,Kit Carson,0.655
colorado,La Plata,-0.092
colorado,Lake,-0.106
colorado,Larimer,-0.049
colorado,Las Animas,0.155
colorado,Lincoln,0.614
colorado,Logan,0.56
colorado,Mesa,0.36
colorado,Mineral,0.165
colorado,Moffat,0.679
colorado,Montezuma,0.303
colorado,Montrose,0.421
colorado,Morgan,0.419
colorado,Otero,0.252
colorado,Ouray,-0.107
colorado,Park,0.264
colorado,Phillips,0.581
colorado,Pitkin,-0.454
colorado,Prowers,0.469
colorado,Pueblo,-0.003
colorado,Rio Blanco,0.678
colorado,Rio Grande,0.196
colorado,Routt,-0.17
colorado,Saguache,-0.087
colorado,San Juan,-0.099
colorado,San Miguel,-0.448
colorado,Sedgwick,0.548
colorado,Summit,-0.277
colorado,Teller,0.425
colorado,Washington,0.736
colorado,Weld,0.224
colorado,Yuma,0.655
connecticut,Fairfield,-0.171
connecticut,Hartford,-0.213
connecticut,Litchfield,0.141
connecticut,Middlesex,-0.07
connecticut,New Haven,-0.119
connecticut,New London,-0.066
connecticut,Tolland,-0.062
connecticut,Windham,0.079
delaware,Kent,0.049
delaware,New Castle,-0.296
delaware,Sussex,0.22
florida,Alachua,-0.226
florida,Baker,0.648
florida,Bay,0.463
florida,Bradford,0.495
florida,Brevard,0.198
florida,Broward,-0.351
florida,Calhoun,0.562
florida,Charlotte,0.278
florida,Citrus,0.397
florida,Clay,0.443
florida,Collier,0.261
florida,Columbia,0.444
florida,DeSoto,0.277
florida,Dixie,0.632
florida,Duval,0.015
florida,Escambia,0.206
florida,Flagler,0.206
florida,Franklin,0.396
florida,Gadsden,-0.375
florida,Gilchrist,0.628
florida,Glades,0.396
florida,Gulf,0.495
florida,Hamilton,0.283
florida,Hardee,0.408
florida,Hendry,0.143
florida,Hernando,0.29
florida,Highlands,0.32
florida,Hillsborough,-0.068
florida,Holmes,0.779
florida,Indian River,0.245
florida,Jackson,0.374
florida,Jefferson,0.051
florida,Lafayette,0.675
florida,Lake,0.232
florida,Lee,0.204
florida,Leon,-0.251
florida,Levy,0.447
florida,Liberty,0.573
florida,Madison,0.155
florida,Manatee,0.172
florida,Marion,0.262
florida,Martin,0.268
florida,Miami-Dade,-0.296
florida,Monroe,0.069
florida,Nassau,0.502
florida,Okaloosa,0.477
florida,Okeechobee,0.395
florida,Orange,-0.247
florida,Osceola,-0.25
florida,Palm Beach,-0.153
florida,Pasco,0.215
florida,Pinellas,0.011
florida,Polk,0.141
florida,Putnam,0.366
florida,Santa Rosa,0.535
florida,Sarasota,0.116
florida,Seminole,0.016
florida,St. Johns,0.334
florida,St. Lucie,0.024
florida,Sumter,0.393
florida,Suwannee,0.553
florida,Taylor,0.514
florida,Union,0.624
florida,Volusia,0.13
florida,Wakulla,0.402
florida,Walton,0.562
florida,Washington,0.571
georgia,Appling,0.579
georgia,Atkinson,0.452
georgia,Bacon,0.686
georgia,Baker,0.087
georgia,Baldwin,-0.017
georgia,Banks,0.785
georgia,Barrow,0.504
georgia,Bartow,0.552
georgia,Ben Hill,0.276
georgia,Berrien,0.665
georgia,Bibb,-0.202
georgia,Bleckley,0.531
georgia,Brantley,0.787
georgia,Brooks,0.188
georgia,Bryan,0.432
georgia,Bulloch,0.234
georgia,Burke,-0.026
georgia,Butts,0.438
georgia,Calhoun,-0.172
georgia,Camden,0.339
georgia,Candler,0.436
georgia,Carroll,0.401
georgia,Catoosa,0.607
georgia,Charlton,0.486
georgia,Chatham,-0.145
georgia,Chattahoochee,0.111
georgia,Chattooga,0.588
georgia,Cherokee,0.5
georgia,Clarke,-0.38
georgia,Clay,-0.103
georgia,Clayton,-0.719
georgia,Clinch,0.426
georgia,Cobb,-0.021
georgia,Coffee,0.395
georgia,Colquitt,0.473
georgia,Columbia,0.377
georgia,Cook,0.401
georgia,Coweta,0.423
georgia,Crawford,0.429
georgia,Crisp,0.227
georgia,Dade,0.654
georgia,Dawson,0.722
georgia,Decatur,0.186
georgia,Dekalb,-0.647
georgia,Dodge,0.456
georgia,Dooly,0.021
georgia,Dougherty,-0.384
georgia,Douglas,-0.108
georgia,Early,0.081
georgia,Echols,0.723
georgia,Effingham,0.557
georgia,Elbert,0.349
georgia,Emanuel,0.37
georgia,Evans,0.353
georgia,Fannin,0.655
georgia,Fayette,0.195
georgia,Floyd,0.436
georgia,Forsyth,0.476
georgia,Franklin,0.685
georgia,Fulton,-0.421
georgia,Gilmer,0.669
georgia,Glascock,0.789
georgia,Glynn,0.286
georgia,Gordon,0.637
georgia,Grady,0.331
georgia,Greene,0.259
georgia,Gwinnett,-0.058
georgia,Habersham,0.663
georgia,Hall,0.507
georgia,Hancock,-0.519
georgia,Haralson,0.716
georgia,Harris,0.479
georgia,Hart,0.467
georgia,Heard,0.624
georgia,Henry,-0.043
georgia,Houston,0.217
georgia,Irwin,0.498
georgia,Jackson,0.639
georgia,Jasper,0.467
georgia,Jeff Davis,0.629
georgia,Jefferson,-0.108
georgia,Jenkins,0.259
georgia,Johnson,0.375
georgia,Jones,0.347
georgia,Lamar,0.385
georgia,Lanier,0.412
georgia,Laurens,0.292
georgia,Lee,0.53
georgia,Liberty,-0.212
georgia,Lincoln,0.363
georgia,Long,0.308
georgia,Lowndes,0.182
georgia,Lumpkin,0.6
georgia,Macon,-0.272
georgia,Madison,0.567
georgia,Marion,0.223
georgia,Mcduffie,0.187
georgia,Mcintosh,0.201
georgia,Meriwether,0.154
georgia,Miller,0.498
georgia,Mitchell,0.1
georgia,Monroe,0.414
georgia,Montgomery,0.511
georgia,Morgan,0.413
georgia,Murray,0.687
georgia,Muscogee,-0.186
georgia,Newton,-0.024
georgia,Oconee,0.401
georgia,Oglethorpe,0.42
georgia,Paulding,0.412
georgia,Peach,0.03
georgia,Pickens,0.692
georgia,Pierce,0.74
georgia,Pike,0.695
georgia,Polk,0.575
georgia,Pulaski,0.37
georgia,Putnam,0.4
georgia,Quitman,0.109
georgia,Rabun,0.609
georgia,Randolph,-0.113
georgia,Richmond,-0.324
georgia,Rockdale,-0.259
georgia,Schley,0.561
georgia,Screven,0.176
georgia,Seminole,0.323
georgia,Spalding,0.243
georgia,Stephens,0.599
georgia,Stewart,-0.202
georgia,Sumter,-0.022
georgia,Talbot,-0.248
georgia,Taliaferro,-0.219
georgia,Tattnall,0.496
georgia,Taylor,0.225
georgia,Telfair,0.299
georgia,Terrell,-0.094
georgia,Thomas,0.218
georgia,Tift,0.374
georgia,Toombs,0.469
georgia,Towns,0.62
georgia,Treutlen,0.351
georgia,Troup,0.234
georgia,Turner,0.251
georgia,Twiggs,0.016
georgia,Union,0.655
georgia,Upson,0.349
georgia,Walker,0.615
georgia,Walton,0.564
georgia,Ware,0.417
georgia,Warren,-0.138
georgia,Washington,-0.006
georgia,Wayne,0.588
georgia,Webster,0.143
georgia,Wheeler,0.369
georgia,White,0.686
georgia,Whitfield,0.448
georgia,Wilcox,0.418
georgia,Wilkes,0.162
georgia,Wilkinson,0.102
georgia,Worth,0.499
hawaii,Hawaii,-0.365
hawaii,Honolulu,-0.299
hawaii,Kauai,-0.337
hawaii,Maui,-0.383
idaho,Ada,0.092
idaho,Adams,0.523
idaho,Bannock,0.204
idaho,Bear Lake,0.665
idaho,Benewah,0.554
idaho,Bingham,0.48
idaho,Blaine,-0.287
idaho,Boise,0.497
idaho,Bonner,0.302
idaho,Bonneville,0.402
idaho,Boundary,0.555
idaho,Butte,0.613
idaho,Camas,0.5
idaho,Canyon,0.417
idaho,Caribou,0.661
idaho,Cassia,0.6
idaho,Clark,0.562
idaho,Clearwater,0.565
idaho,Custer,0.559
idaho,Elmore,0.47
idaho,Franklin,0.639
idaho,Fremont,0.602
idaho,Gem,0.597
idaho,Gooding,0.542
idaho,Idaho,0.638
idaho,Jefferson,0.65
idaho,Jerome,0.491
idaho,Kootenai,0.426
idaho,Latah,-0.046
idaho,Lemhi,0.56
idaho,Lewis,0.586
idaho,Lincoln,0.471
idaho,Madison,0.493
idaho,Minidoka,0.541
idaho,Nez Perce,0.341
idaho,Oneida,0.651
idaho,Owyhee,0.628
idaho,Payette,0.599
idaho,Power,0.351
idaho,Shoshone,0.374
idaho,Teton,0.001
idaho,Twin Falls,0.445
idaho,Valley,0.185
idaho,Washington,0.563
illinois,Adams,0.476
illinois,Alexander,0.082
illinois,Bond,0.378
illinois,Boone,0.146
illinois,Brown,0.557
illinois,Bureau,0.199
illinois,Calhoun,0.384
illinois,Carroll,0.271
illinois,Cass,0.316
illinois,Champaign,-0.184
illinois,Christian,0.427
illinois,Clark,0.479
illinois,Clay,0.636
illinois,Clinton,0.49
illinois,Coles,0.264
illinois,Cook,-0.53
illinois,Crawford,0.491
illinois,Cumberland,0.576
illinois,DeKalb,-0.031
illinois,DeWitt,0.424
illinois,Douglas,0.463
illinois,Dupage,-0.141
illinois,Edgar,0.496
illinois,Edwards,0.708
illinois,Effingham,0.605
illinois,Fayette,0.583
illinois,Ford,0.487
illinois,Franklin,0.453
illinois,Fulton,0.151
illinois,Gallatin,0.478
illinois,Greene,0.53
illinois,Grundy,0.236
illinois,Hamilton,0.581
illinois,Hancock,0.508
illinois,Hardin,0.578
illinois,Henderson,0.288
illinois,Henry,0.211
illinois,Iroquois,0.56
illinois,Jackson,-0.03
illinois,Jasper,0.597
illinois,Jefferson,0.433
illinois,Jersey,0.464
illinois,Jo Daviess,0.149
illinois,Johnson,0.583
illinois,Kane,-0.09
illinois,Kankakee,0.133
illinois,Kendall,0.015
illinois,Knox,0.032
illinois,LaSalle,0.144
illinois,Lake,-0.203
illinois,Lawrence,0.535
illinois,Lee,0.204
illinois,Livingston,0.41
illinois,Logan,0.401
illinois,Macon,0.181
illinois,Macoupin,0.35
illinois,Madison,0.156
illinois,Marion,0.448
illinois,Marshall,0.338
illinois,Mason,0.318
illinois,Massac,0.496
illinois,McDonough,0.117
illinois,McHenry,0.08
illinois,McLean,0.014
illinois,Menard,0.378
illinois,Mercer,0.206
illinois,Monroe,0.371
illinois,Montgomery,0.4
illinois,Morgan,0.299
illinois,Moultrie,0.479
illinois,Ogle,0.266
illinois,Peoria,-0.027
illinois,Perry,0.451
illinois,Piatt,0.336
illinois,Pike,0.582
illinois,Pope,0.612
illinois,Pulaski,0.31
illinois,Putnam,0.201
illinois,Randolph,0.468
illinois,Richland,0.545
illinois,Rock Island,-0.084
illinois,Saline,0.507
illinois,Sangamon,0.094
illinois,Schuyler,0.382
illinois,Scott,0.557
illinois,Shelby,0.543
illinois,St. Clair,-0.056
illinois,Stark,0.38
illinois,Stephenson,0.169
illinois,Tazewell,0.285
illinois,Union,0.398
illinois,Vermilion,0.293
illinois,Wabash,0.536
illinois,Warren,0.167
illinois,Washington,0.559
illinois,Wayne,0.716
illinois,White,0.58
illinois,Whiteside,0.063
illinois,Will,-0.056
illinois,Williamson,0.412
illinois,Winnebago,0.012
illinois,Woodford,0.419
indiana,Adams,0.524
indiana,Allen,0.196
indiana,Bartholomew,0.333
indiana,Benton,0.471
indiana,Blackford,0.437
indiana,Boone,0.295
indiana,Brown,0.316
indiana,Carroll,0.509
indiana,Cass,0.42
indiana,Clark,0.219
indiana,Clay,0.552
indiana,Clinton,0.48
indiana,Crawford,0.368
indiana,Daviess,0.628
indiana,DeKalb,0.483
indiana,Dearborn,0.553
indiana,Decatur,0.574
indiana,Delaware,0.137
indiana,Dubois,0.4
indiana,Elkhart,0.324
indiana,Fayette,0.482
indiana,Floyd,0.202
indiana,Fountain,0.56
indiana,Franklin,0.609
indiana,Fulton,0.484
indiana,Gibson,0.476
indiana,Grant,0.396
indiana,Greene,0.534
indiana,Hamilton,0.196
indiana,Hancock,0.448
indiana,Harrison,0.443
indiana,Hendricks,0.342
indiana,Henry,0.437
indiana,Howard,0.339
indiana,Huntington,0.51
indiana,Jackson,0.514
indiana,Jasper,0.454
indiana,Jay,0.479
indiana,Jefferson,0.313
indiana,Jennings,0.527
indiana,Johnson,0.425
indiana,Knox,0.471
indiana,Kosciusko,0.551
indiana,LaGrange,0.517
indiana,LaPorte,0.064
indiana,Lake,-0.207
indiana,Lawrence,0.515
indiana,Madison,0.256
indiana,Marion,-0.228
indiana,Marshall,0.416
indiana,Martin,0.586
indiana,Miami,0.536
indiana,Monroe,-0.237
indiana,Montgomery,0.509
indiana,Morgan,0.565
indiana,Newton,0.462
indiana,Noble,0.491
indiana,Ohio,0.491
indiana,Orange,0.458
indiana,Owen,0.494
indiana,Parke,0.521
indiana,Perry,0.186
indiana,Pike,0.519
indiana,Porter,0.068
indiana,Posey,0.392
indiana,Pulaski,0.465
indiana,Putnam,0.496
indiana,Randolph,0.485
indiana,Ripley,0.574
indiana,Rush,0.523
indiana,Scott,0.378
indiana,Shelby,0.472
indiana,Spencer,0.373
indiana,St. Joseph,-0.002
indiana,Starke,0.42
indiana,Steuben,0.44
indiana,Sullivan,0.47
indiana,Switzerland,0.447
indiana,Tippecanoe,0.057
indiana,Tipton,0.533
indiana,Union,0.526
indiana,Vanderburgh,0.169
indiana,Vermillion,0.352
indiana,Vigo,0.152
indiana,Wabash,0.507
indiana,Warren,0.525
indiana,Warrick,0.339
indiana,Washington,0.491
indiana,Wayne,0.302
indiana,Wells,0.565
indiana,White,0.429
indiana,Whitley,0.513
iowa,Adair,0.353
iowa,Adams,0.398
iowa,Allamakee,0.244
iowa,Appanoose,0.364
iowa,Audubon,0.313
iowa,Benton,0.26
iowa,Black Hawk,-0.073
iowa,Boone,0.138
iowa,Bremer,0.138
iowa,Buchanan,0.152
iowa,Buena Vista,0.249
iowa,Butler,0.37
iowa,Calhoun,0.406
iowa,Carroll,0.318
iowa,Cass,0.398
iowa,Cedar,0.181
iowa,Cerro Gordo,0.077
iowa,Cherokee,0.406
iowa,Chickasaw,0.231
iowa,Clarke,0.282
iowa,Clay,0.424
iowa,Clayton,0.228
iowa,Clinton,0.052
iowa,Crawford,0.383
iowa,Dallas,0.097
iowa,Davis,0.452
iowa,Decatur,0.296
iowa,Delaware,0.298
iowa,Des Moines,0.07
iowa,Dickinson,0.36
iowa,Dubuque,0.013
iowa,Emmet,0.375
iowa,Fayette,0.196
iowa,Floyd,0.149
iowa,Franklin,0.339
iowa,Fremont,0.406
iowa,Greene,0.238
iowa,Grundy,0.394
iowa,Guthrie,0.333
iowa,Hamilton,0.228
iowa,Hancock,0.411
iowa,Hardin,0.292
iowa,Harrison,0.375
iowa,Henry,0.309
iowa,Howard,0.208
iowa,Humboldt,0.459
iowa,Ida,0.519
iowa,Iowa,0.242
iowa,Jackson,0.194
iowa,Jasper,0.183
iowa,Jefferson,0.004
iowa,Johnson,-0.382
iowa,Jones,0.194
iowa,Keokuk,0.437
iowa,Kossuth,0.366
iowa,Lee,0.161
iowa,Linn,-0.09
iowa,Louisa,0.287
iowa,Lucas,0.381
iowa,Lyon,0.674
iowa,Madison,0.313
iowa,Mahaska,0.458
iowa,Marion,0.311
iowa,Marshall,0.085
iowa,Mills,0.391
iowa,Mitchell,0.242
iowa,Monona,0.413
iowa,Monroe,0.411
iowa,Montgomery,0.423
iowa,Muscatine,0.066
iowa,O'Brien,0.601
iowa,Osceola,0.618
iowa,Page,0.442
iowa,Palo Alto,0.361
iowa,Plymouth,0.52
iowa,Pocahontas,0.452
iowa,Polk,-0.115
iowa,Pottawattamie,0.216
iowa,Poweshiek,0.068
iowa,Ringgold,0.397
iowa,Sac,0.47
iowa,Scott,-0.015
iowa,Shelby,0.429
iowa,Sioux,0.694
iowa,Story,-0.122
iowa,Tama,0.205
iowa,Taylor,0.451
iowa,Union,0.277
iowa,Van Buren,0.477
iowa,Wapello,0.208
iowa,Warren,0.164
iowa,Washington,0.206
iowa,Wayne,0.462
iowa,Webster,0.218
iowa,Winnebago,0.265
iowa,Winneshiek,0.008
iowa,Woodbury,0.199
iowa,Worth,0.218
iowa,Wright,0.319
kansas,Allen,0.41
kansas,Anderson,0.525
kansas,Atchison,0.318
kansas,Barber,0.698
kansas,Barton,0.589
kansas,Bourbon,0.508
kansas,Brown,0.507
kansas,Butler,0.454
kansas,Chase,0.485
kansas,Chautauqua,0.713
kansas,Cherokee,0.484
kansas,Cheyenne,0.699
kansas,Clark,0.707
kansas,Clay,0.582
kansas,Cloud,0.551
kansas,Coffey,0.574
kansas,Comanche,0.704
kansas,Cowley,0.377
kansas,Crawford,0.231
kansas,Decatur,0.714
kansas,Dickinson,0.539
kansas,Doniphan,0.6
kansas,Douglas,-0.327
kansas,Edwards,0.631
kansas,Elk,0.705
kansas,Ellis,0.484
kansas,Ellsworth,0.54
kansas,Finney,0.324
kansas,Ford,0.399
kansas,Franklin,0.394
kansas,Geary,0.217
kansas,Gove,0.737
kansas,Graham,0.655
kansas,Grant,0.574
kansas,Gray,0.693
kansas,Greeley,0.688
kansas,Greenwood,0.591
kansas,Hamilton,0.68
kansas,Harper,0.622
kansas,Harvey,0.241
kansas,Haskell,0.603
kansas,Hodgeman,0.717
kansas,Jackson,0.419
kansas,Jefferson,0.322
kansas,Jewell,0.691
kansas,Johnson,0.027
kansas,Kearny,0.622
kansas,Kingman,0.583
kansas,Kiowa,0.727
kansas,Labette,0.379
kansas,Lane,0.698
kansas,Leavenworth,0.247
kansas,Lincoln,0.659
kansas,Linn,0.621
kansas,Logan,0.723
kansas,Lyon,0.162
kansas,Marion,0.504
kansas,Marshall,0.478
kansas,Mcpherson,0.42
kansas,Meade,0.707
kansas,Miami,0.401
kansas,Mitchell,0.619
kansas,Montgomery,0.508
kansas,Morris,0.469
kansas,Morton,0.711
kansas,Nemaha,0.667
kansas,Neosho,0.468
kansas,Ness,0.736
kansas,Norton,0.7
kansas,Osage,0.433
kansas,Osborne,0.688
kansas,Ottawa,0.641
kansas,Pawnee,0.501
kansas,Phillips,0.73
kansas,Pottawatomie,0.507
kansas,Pratt,0.54
kansas,Rawlins,0.725
kansas,Reno,0.36
kansas,Republic,0.653
kansas,Rice,0.556
kansas,Riley,0.045
kansas,Rooks,0.726
kansas,Rush,0.645
kansas,Russell,0.664
kansas,Saline,0.343
kansas,Scott,0.742
kansas,Sedgwick,0.192
kansas,Seward,0.324
kansas,Shawnee,0.028
kansas,Sheridan,0.778
kansas,Sherman,0.671
kansas,Smith,0.666
kansas,Stafford,0.627
kansas,Stanton,0.604
kansas,Stevens,0.728
kansas,Sumner,0.506
kansas,Thomas,0.679
kansas,Trego,0.698
kansas,Wabaunsee,0.475
kansas,Wallace,0.855
kansas,Washington,0.657
kansas,Wichita,0.67
kansas,Wilson,0.631
kansas,Woodson,0.559
kansas,Wyandotte,-0.291
kentucky,Adair,0.645
kentucky,Allen,0.632
kentucky,Anderson,0.491
kentucky,Ballard,0.572
kentucky,Barren,0.498
kentucky,Bath,0.375
kentucky,Bell,0.622
kentucky,Boone,0.418
kentucky,Bourbon,0.316
kentucky,Boyd,0.37
kentucky,Boyle,0.29
kentucky,Bracken,0.569
kentucky,Breathitt,0.428
kentucky,Breckinridge,0.516
kentucky,Bullitt,0.498
kentucky,Butler,0.624
kentucky,Caldwell,0.543
kentucky,Calloway,0.35
kentucky,Campbell,0.245
kentucky,Carlisle,0.639
kentucky,Carroll,0.384
kentucky,Carter,0.516
kentucky,Casey,0.732
kentucky,Christian,0.314
kentucky,Clark,0.371
kentucky,Clay,0.755
kentucky,Clinton,0.731
kentucky,Crittenden,0.662
kentucky,Cumberland,0.666
kentucky,Daviess,0.322
kentucky,Edmonson,0.602
kentucky,Elliott,0.442
kentucky,Estill,0.564
kentucky,Fayette,-0.094
kentucky,Fleming,0.54
kentucky,Floyd,0.482
kentucky,Franklin,0.046
kentucky,Fulton,0.325
kentucky,Gallatin,0.508
kentucky,Garrard,0.584
kentucky,Grant,0.561
kentucky,Graves,0.565
kentucky,Grayson,0.592
kentucky,Green,0.664
kentucky,Greenup,0.455
kentucky,Hancock,0.359
kentucky,Hardin,0.302
kentucky,Harlan,0.721
kentucky,Harrison,0.438
kentucky,Hart,0.494
kentucky,Henderson,0.277
kentucky,Henry,0.436
kentucky,Hickman,0.56
kentucky,Hopkins,0.539
kentucky,Jackson,0.801
kentucky,Jefferson,-0.134
kentucky,Jessamine,0.4
kentucky,Johnson,0.709
kentucky,Kenton,0.26
kentucky,Knott,0.54
kentucky,Knox,0.676
kentucky,LaRue,0.553
kentucky,Laurel,0.691
kentucky,Lawrence,0.624
kentucky,Lee,0.641
kentucky,Leslie,0.805
kentucky,Letcher,0.629
kentucky,Lewis,0.676
kentucky,Lincoln,0.572
kentucky,Livingston,0.578
kentucky,Logan,0.461
kentucky,Lyon,0.44
kentucky,Madison,0.312
kentucky,Magoffin,0.518
kentucky,Marion,0.302
kentucky,Marshall,0.518
kentucky,Martin,0.794
kentucky,Mason,0.412
kentucky,McCracken,0.372
kentucky,McCreary,0.753
kentucky,McLean,0.524
kentucky,Meade,0.461
kentucky,Menifee,0.471
kentucky,Mercer,0.505
kentucky,Metcalfe,0.545
kentucky,Monroe,0.737
kentucky,Montgomery,0.41
kentucky,Morgan,0.55
kentucky,Muhlenberg,0.469
kentucky,Nelson,0.337
kentucky,Nicholas,0.412
kentucky,Ohio,0.564
kentucky,Oldham,0.31
kentucky,Owen,0.537
kentucky,Owsley,0.692
kentucky,Pendleton,0.572
kentucky,Perry,0.57
kentucky,Pike,0.627
kentucky,Powell,0.452
kentucky,Pulaski,0.667
kentucky,Robertson,0.53
kentucky,Rockcastle,0.702
kentucky,Rowan,0.212
kentucky,Russell,0.706
kentucky,Scott,0.304
kentucky,Shelby,0.336
kentucky,Simpson,0.389
kentucky,Spencer,0.554
kentucky,Taylor,0.51
kentucky,Todd,0.539
kentucky,Trigg,0.496
kentucky,Trimble,0.5
kentucky,Union,0.543
kentucky,Warren,0.242
kentucky,Washington,0.461
kentucky,Wayne,0.618
kentucky,Webster,0.543
kentucky,Whitley,0.672
kentucky,Wolfe,0.399
kentucky,Woodford,0.202
maine,Androscoggin,0.094
maine,Aroostook,0.172
maine,Cumberland,-0.264
maine,Franklin,0.055
maine,Hancock,-0.076
maine,Kennebec,0.037
maine,Knox,-0.143
maine,Lincoln,-0.024
maine,Oxford,0.13
maine,Penobscot,0.106
maine,Piscataquis,0.252
maine,Sagadahoc,-0.063
maine,Somerset,0.228
maine,Waldo,-0.002
maine,Washington,0.162
maine,York,-0.048
maryland,Allegany,0.48
maryland,Anne Arundel,-0.007
maryland,Baltimore,-0.174
maryland,Calvert,-0.745
maryland,Caroline,0.184
maryland,Carroll,0.396
maryland,Cecil,0.369
maryland,Charles,0.353
maryland,Dorchester,-0.303
maryland,Frederick,0.16
maryland,Garrett,0.04
maryland,Harford,0.615
maryland,Howard,0.245
maryland,Kent,-0.335
maryland,Montgomery,0.046
maryland,Prince George's,-0.556
maryland,Queen Anne's,-0.81
maryland,Somerset,0.361
maryland,St. Mary's,0.18
maryland,Talbot,0.246
maryland,Washington,0.119
maryland,Wicomico,0.324
maryland,Worcester,0.116
massachusetts,Barnstable,-0.134
massachusetts,Berkshire,-0.415
massachusetts,Bristol,-0.093
massachusetts,Dukes,-0.513
massachusetts,Essex,-0.225
massachusetts,Franklin,-0.37
massachusetts,Hampden,-0.16
massachusetts,Hampshire,-0.395
massachusetts,Middlesex,-0.381
massachusetts,Nantucket,-0.352
massachusetts,Norfolk,-0.279
massachusetts,Plymouth,-0.073
massachusetts,Suffolk,-0.63
massachusetts,Worcester,-0.105
michigan,Alcona,0.4
michigan,Alger,0.205
michigan,Allegan,0.288
michigan,Alpena,0.287
michigan,Antrim,0.296
michigan,Arenac,0.331
michigan,Baraga,0.287
michigan,Barry,0.333
michigan,Bay,0.126
michigan,Benzie,0.14
michigan,Berrien,0.128
michigan,Branch,0.382
michigan,Calhoun,0.125
michigan,Cass,0.3
michigan,Charlevoix,0.242
michigan,Cheboygan,0.321
michigan,Chippewa,0.243
michigan,Clare,0.318
michigan,Clinton,0.126
michigan,Crawford,0.328
michigan,Delta,0.254
michigan,Dickinson,0.354
michigan,Eaton,0.055
michigan,Emmet,0.194
michigan,Genesee,-0.095
michigan,Gladwin,0.347
michigan,Gogebic,0.15
michigan,Grand Traverse,0.126
michigan,Gratiot,0.256
michigan,Hillsdale,0.468
michigan,Houghton,0.157
michigan,Huron,0.382
michigan,Ingham,-0.277
michigan,Ionia,0.31
michigan,Iosco,0.3
michigan,Iron,0.283
michigan,Isabella,0.037
michigan,Jackson,0.201
michigan,Kalamazoo,-0.128
michigan,Kalkaska,0.442
michigan,Kent,0.031
michigan,Keweenaw,0.201
michigan,Lake,0.229
michigan,Lapeer,0.384
michigan,Leelanau,0.032
michigan,Lenawee,0.211
michigan,Livingston,0.296
michigan,Luce,0.418
michigan,Mackinac,0.272
michigan,Macomb,0.115
michigan,Manistee,0.154
michigan,Marquette,-0.043
michigan,Mason,0.22
michigan,Mecosta,0.261
michigan,Menominee,0.294
michigan,Midland,0.194
michigan,Missaukee,0.524
michigan,Monroe,0.222
michigan,Montcalm,0.34
michigan,Montmorency,0.441
michigan,Muskegon,-0.009
michigan,Newaygo,0.396
michigan,Oakland,-0.081
michigan,Oceana,0.273
michigan,Ogemaw,0.365
michigan,Ontonagon,0.261
michigan,Osceola,0.437
michigan,Oscoda,0.443
michigan,Otsego,0.376
michigan,Ottawa,0.304
michigan,Presque Isle,0.289
michigan,Roscommon,0.296
michigan,Saginaw,0.012
michigan,Sanilac,0.446
michigan,Schoolcraft,0.286
michigan,Shiawassee,0.196
michigan,St. Clair,0.314
michigan,St. Joseph,0.309
michigan,Tuscola,0.38
michigan,Van Buren,0.14
michigan,Washtenaw,-0.415
michigan,Wayne,-0.373
michigan,Wexford,0.364
minnesota,Aitkin,0.26
minnesota,Anoka,0.097
minnesota,Becker,0.332
minnesota,Beltrami,0.098
minnesota,Benton,0.363
minnesota,Big Stone,0.252
minnesota,Blue Earth,0.037
minnesota,Brown,0.362
minnesota,Carlton,-0.016
minnesota,Carver,0.137
minnesota,Cass,0.316
minnesota,Chippewa,0.289
minnesota,Chisago,0.306
minnesota,Clay,0.019
minnesota,Clearwater,0.432
minnesota,Cook,-0.225
minnesota,Cottonwood,0.351
minnesota,Crow Wing,0.318
minnesota,Dakota,-0.043
minnesota,Dodge,0.324
minnesota,Douglas,0.358
minnesota,Faribault,0.34
minnesota,Fillmore,0.218
minnesota,Freeborn,0.174
minnesota,Goodhue,0.18
minnesota,Grant,0.277
minnesota,Hennepin,-0.353
minnesota,Houston,0.14
minnesota,Hubbard,0.336
minnesota,Isanti,0.382
minnesota,Itasca,0.165
minnesota,Jackson,0.388
minnesota,Kanabec,0.358
minnesota,Kandiyohi,0.255
minnesota,Kittson,0.223
minnesota,Koochiching,0.2
minnesota,Lac Qui Parle,0.259
minnesota,Lake,-0.022
minnesota,Lake Of The Woods,0.443
minnesota,Le Sueur,0.307
minnesota,Lincoln,0.357
minnesota,Lyon,0.283
minnesota,Mahnomen,0.03
minnesota,Marshall,0.413
minnesota,Martin,0.414
minnesota,Mcleod,0.383
minnesota,Meeker,0.402
minnesota,Mille Lacs,0.358
minnesota,Morrison,0.53
minnesota,Mower,0.079
minnesota,Murray,0.362
minnesota,Nicollet,0.031
minnesota,Nobles,0.299
minnesota,Norman,0.135
minnesota,Olmsted,-0.007
minnesota,Otter Tail,0.36
minnesota,Pennington,0.278
minnesota,Pine,0.263
minnesota,Pipestone,0.462
minnesota,Polk,0.29
minnesota,Pope,0.268
minnesota,Ramsey,-0.394
minnesota,Red Lake,0.321
minnesota,Redwood,0.43
minnesota,Renville,0.367
minnesota,Rice,0.031
minnesota,Rock,0.357
minnesota,Roseau,0.463
minnesota,Scott,0.154
minnesota,Sherburne,0.371
minnesota,Sibley,0.419
minnesota,St. Louis,-0.118
minnesota,Stearns,0.279
minnesota,Steele,0.26
minnesota,Stevens,0.127
minnesota,Swift,0.258
minnesota,Todd,0.477
minnesota,Traverse,0.234
minnesota,Wabasha,0.265
minnesota,Wadena,0.458
minnesota,Waseca,0.327
minnesota,Washington,-0.019
minnesota,Watonwan,0.192
minnesota,Wilkin,0.377
minnesota,Winona,0.029
minnesota,Wright,0.332
minnesota,Yellow Medicine,0.348
mississippi,Adams,-0.147
mississippi,Alcorn,0.617
mississippi,Amite,0.227
mississippi,Attala,0.199
mississippi,Benton,0.132
mississippi,Bolivar,-0.324
mississippi,Calhoun,0.391
mississippi,Carroll,0.389
mississippi,Chickasaw,0.061
mississippi,Choctaw,0.389
mississippi,Claiborne,-0.714
mississippi,Clarke,0.329
mississippi,Clay,-0.157
mississippi,Coahoma,-0.444
mississippi,Copiah,-0.053
mississippi,Covington,0.245
mississippi,DeSoto,0.347
mississippi,Forrest,0.142
mississippi,Franklin,0.287
mississippi,George,0.777
mississippi,Greene,0.629
mississippi,Grenada,0.149
mississippi,Hancock,0.593
mississippi,Harrison,0.307
mississippi,Hinds,-0.437
mississippi,Holmes,-0.663
mississippi,Humphreys,-0.48
mississippi,Issaquena,-0.139
mississippi,Itawamba,0.756
mississippi,Jackson,0.398
mississippi,Jasper,-0.04
mississippi,Jefferson,-0.738
mississippi,Jefferson Davis,-0.201
mississippi,Jones,0.437
mississippi,Kemper,-0.226
mississippi,Lafayette,0.148
mississippi,Lamar,0.556
mississippi,Lauderdale,0.23
mississippi,Lawrence,0.298
mississippi,Leake,0.142
mississippi,Lee,0.378
mississippi,Leflore,-0.41
mississippi,Lincoln,0.401
mississippi,Lowndes,0.063
mississippi,Madison,0.16
mississippi,Marion,0.361
mississippi,Marshall,-0.096
mississippi,Monroe,0.292
mississippi,Montgomery,0.135
mississippi,Neshoba,0.473
mississippi,Newton,0.393
mississippi,Noxubee,-0.569
mississippi,Oktibbeha,-0.011
mississippi,Panola,0.005
mississippi,Pearl River,0.667
mississippi,Perry,0.536
mississippi,Pike,0.008
mississippi,Pontotoc,0.619
mississippi,Prentiss,0.566
mississippi,Quitman,-0.389
mississippi,Rankin,0.528
mississippi,Scott,0.177
mississippi,Sharkey,-0.349
mississippi,Simpson,0.309
mississippi,Smith,0.567
mississippi,Stone,0.535
mississippi,Sunflower,-0.403
mississippi,Tallahatchie,-0.149
mississippi,Tate,0.314
mississippi,Tippah,0.588
mississippi,Tishomingo,0.737
mississippi,Tunica,-0.501
mississippi,Union,0.632
mississippi,Walthall,0.152
mississippi,Warren,0.049
mississippi,Washington,-0.364
mississippi,Wayne,0.259
mississippi,Webster,0.587
mississippi,Wilkinson,-0.364
mississippi,Winston,0.125
mississippi,Yalobusha,0.131
mississippi,Yazoo,-0.066
missouri,Adair,0.249
missouri,Andrew,0.505
missouri,Atchison,0.557
missouri,Audrain,0.439
missouri,Barry,0.596
missouri,Barton,0.702
missouri,Bates,0.546
missouri,Benton,0.542
missouri,Bollinger,0.727
missouri,Boone,-0.059
missouri,Buchanan,0.261
missouri,Butler,0.616
missouri,Caldwell,0.556
missouri,Callaway,0.421
missouri,Camden,0.542
missouri,Cape Girardeau,0.501
missouri,Carroll,0.627
missouri,Carter,0.664
missouri,Cass,0.359
missouri,Cedar,0.638
missouri,Chariton,0.52
missouri,Christian,0.542
missouri,Clark,0.523
missouri,Clay,0.111
missouri,Clinton,0.44
missouri,Cole,0.367
missouri,Cooper,0.463
missouri,Crawford,0.595
missouri,Dade,0.645
missouri,Dallas,0.621
missouri,Daviess,0.551
missouri,DeKalb,0.591
missouri,Dent,0.682
missouri,Douglas,0.675
missouri,Dunklin,0.536
missouri,Franklin,0.461
missouri,Gasconade,0.558
missouri,Gentry,0.561
missouri,Greene,0.274
missouri,Grundy,0.608
missouri,Harrison,0.649
missouri,Henry,0.479
missouri,Hickory,0.535
missouri,Holt,0.673
missouri,Howard,0.412
missouri,Howell,0.632
missouri,Iron,0.526
missouri,Jackson,-0.167
missouri,Jasper,0.509
missouri,Jefferson,0.353
missouri,Johnson,0.369
missouri,Knox,0.554
missouri,Laclede,0.645
missouri,Lafayette,0.438
missouri,Lawrence,0.611
missouri,Lewis,0.541
missouri,Lincoln,0.505
missouri,Linn,0.511
missouri,Livingston,0.564
missouri,Macon,0.564
missouri,Madison,0.582
missouri,Maries,0.614
missouri,Marion,0.498
missouri,McDonald,0.641
missouri,Mercer,0.731
missouri,Miller,0.66
missouri,Mississippi,0.415
missouri,Moniteau,0.603
missouri,Monroe,0.556
missouri,Montgomery,0.554
missouri,Morgan,0.566
missouri,New Madrid,0.454
missouri,Newton,0.587
missouri,Nodaway,0.408
missouri,Oregon,0.601
missouri,Osage,0.685
missouri,Ozark,0.647
missouri,Pemiscot,0.335
missouri,Perry,0.617
missouri,Pettis,0.469
missouri,Phelps,0.429
missouri,Pike,0.47
missouri,Platte,0.129
missouri,Polk,0.569
missouri,Pulaski,0.517
missouri,Putnam,0.677
missouri,Ralls,0.538
missouri,Randolph,0.509
missouri,Ray,0.371
missouri,Reynolds,0.614
missouri,Ripley,0.669
missouri,Saline,0.346
missouri,Schuyler,0.596
missouri,Scotland,0.59
missouri,Scott,0.557
missouri,Shannon,0.561
missouri,Shelby,0.59
missouri,St. Charles,0.264
missouri,St. Clair,0.554
missouri,St. Francois,0.454
missouri,St. Louis,-0.163
missouri,Ste. Genevieve,-0.638
missouri,Stoddard,0.35
missouri,Stone,0.693
missouri,Sullivan,0.62
missouri,Taney,0.546
missouri,Texas,0.593
missouri,Vernon,0.654
missouri,Warren,0.562
missouri,Washington,0.457
missouri,Wayne,0.551
missouri,Webster,0.644
missouri,Worth,0.579
missouri,Wright,0.586
montana,Beaverhead,0.453
montana,Big Horn,-0.054
montana,Blaine,0.027
montana,Broadwater,0.569
montana,Carbon,0.321
montana,Carter,0.78
montana,Cascade,0.215
montana,Chouteau,0.367
montana,Custer,0.478
montana,Daniels,0.591
montana,Dawson,0.583
montana,Deer Lodge,-0.069
montana,Fallon,0.76
montana,Fergus,0.525
montana,Flathead,0.364
montana,Gallatin,-0.01
montana,Garfield,0.865
montana,Glacier,-0.296
montana,Golden Valley,0.624
montana,Granite,0.405
montana,Hill,0.172
montana,Jefferson,0.324
montana,Judith Basin,0.532
montana,Lake,0.213
montana,Lewis And Clark,0.069
montana,Liberty,0.515
montana,Lincoln,0.505
montana,Madison,0.446
montana,Mccone,0.667
montana,Meagher,0.552
montana,Mineral,0.407
montana,Missoula,-0.157
montana,Musselshell,0.677
montana,Park,0.15
montana,Petroleum,0.769
montana,Phillips,0.651
montana,Pondera,0.388
montana,Powder River,0.719
montana,Powell,0.528
montana,Prairie,0.662
montana,Ravalli,0.384
montana,Richland,0.667
montana,Roosevelt,0.063
montana,Rosebud,0.369
montana,Sanders,0.519
montana,Sheridan,0.416
montana,Silver Bow,-0.141
montana,Stillwater,0.565
montana,Sweet Grass,0.569
montana,Teton,0.427
montana,Toole,0.542
montana,Treasure,0.659
montana,Valley,0.467
montana,Wheatland,0.553
montana,Wibaux,0.758
montana,Yellowstone,0.271
nebraska,Adams,0.451
nebraska,Antelope,0.726
nebraska,Arthur,0.84
nebraska,Banner,0.864
nebraska,Blaine,0.776
nebraska,Boone,0.658
nebraska,Box Butte,0.546
nebraska,Boyd,0.744
nebraska,Brown,0.777
nebraska,Buffalo,0.475
nebraska,Burt,0.407
nebraska,Butler,0.608
nebraska,Cass,0.391
nebraska,Cedar,0.679
nebraska,Chase,0.784
nebraska,Cherry,0.748
nebraska,Cheyenne,0.636
nebraska,Clay,0.64
nebraska,Colfax,0.414
nebraska,Cuming,0.597
nebraska,Custer,0.725
nebraska,Dakota,0.155
nebraska,Dawes,0.496
nebraska,Dawson,0.45
nebraska,Deuel,0.705
nebraska,Dixon,0.541
nebraska,Dodge,0.353
nebraska,Douglas,-0.014
nebraska,Dundy,0.773
nebraska,Fillmore,0.517
nebraska,Franklin,0.661
nebraska,Frontier,0.721
nebraska,Furnas,0.696
nebraska,Gage,0.346
nebraska,Garden,0.673
nebraska,Garfield,0.721
nebraska,Gosper,0.627
nebraska,Grant,0.88
nebraska,Greeley,0.602
nebraska,Hall,0.375
nebraska,Hamilton,0.59
nebraska,Harlan,0.685
nebraska,Hayes,0.865
nebraska,Hitchcock,0.734
nebraska,Holt,0.754
nebraska,Hooker,0.76
nebraska,Howard,0.588
nebraska,Jefferson,0.454
nebraska,Johnson,0.384
nebraska,Kearney,0.607
nebraska,Keith,0.67
nebraska,Keya Paha,0.815
nebraska,Kimball,0.666
nebraska,Knox,0.607
nebraska,Lancaster,0.0
nebraska,Lincoln,0.581
nebraska,Logan,0.816
nebraska,Loup,0.72
nebraska,Madison,0.563
nebraska,McPherson,0.85
nebraska,Merrick,0.624
nebraska,Morrill,0.695
nebraska,Nance,0.611
nebraska,Nemaha,0.429
nebraska,Nuckolls,0.632
nebraska,Otoe,0.387
nebraska,Pawnee,0.526
nebraska,Perkins,0.735
nebraska,Phelps,0.707
nebraska,Pierce,0.746
nebraska,Platte,0.587
nebraska,Polk,0.634
nebraska,Red Willow,0.706
nebraska,Richardson,0.514
nebraska,Rock,0.778
nebraska,Saline,0.254
nebraska,Sarpy,0.218
nebraska,Saunders,0.469
nebraska,Scotts Bluff,0.489
nebraska,Seward,0.46
nebraska,Sheridan,0.743
nebraska,Sherman,0.518
nebraska,Sioux,0.74
nebraska,Stanton,0.639
nebraska,Thayer,0.575
nebraska,Thomas,0.811
nebraska,Thurston,0.05
nebraska,Valley,0.66
nebraska,Washington,0.451
nebraska,Wayne,0.494
nebraska,Webster,0.601
nebraska,Wheeler,0.686
nebraska,York,0.56
nevada,Churchill,0.141
nevada,Clark,0.514
nevada,Douglas,-0.106
nevada,Elko,0.322
nevada,Esmeralda,0.547
nevada,Eureka,0.624
nevada,Humboldt,0.76
nevada,Lander,0.488
nevada,Lincoln,0.591
nevada,Lyon,0.65
nevada,Mineral,0.415
nevada,Nye,0.271
nevada,Pershing,0.42
nevada,Storey,0.491
nevada,Washoe,0.338
nevada,White Pine,-0.012
new-hampshire,Belknap,0.168
new-hampshire,Carroll,0.056
new-hampshire,Cheshire,-0.127
new-hampshire,Coos,0.092
new-hampshire,Grafton,-0.19
new-hampshire,Hillsborough,0.003
new-hampshire,Merrimack,-0.03
new-hampshire,Rockingham,0.058
new-hampshire,Strafford,-0.074
new-hampshire,Sullivan,0.027
new-jersey,Atlantic,-0.062
new-jersey,Bergen,-0.12
new-jersey,Burlington,-0.147
new-jersey,Camden,-0.315
new-jersey,Cape May,0.199
new-jersey,Cumberland,-0.053
new-jersey,Essex,-0.564
new-jersey,Gloucester,0.005
new-jersey,Hudson,-0.519
new-jersey,Hunterdon,0.138
new-jersey,Mercer,-0.362
new-jersey,Middlesex,-0.197
new-jersey,Monmouth,0.095
new-jersey,Morris,0.044
new-jersey,Ocean,0.34
new-jersey,Passaic,-0.217
new-jersey,Salem,0.153
new-jersey,Somerset,-0.125
new-jersey,Sussex,0.302
new-jersey,Union,-0.349
new-jersey,Warren,0.256
new-mexico,Bernalillo,-0.177
new-mexico,Catron,0.505
new-mexico,Chaves,0.362
new-mexico,Cibola,-0.067
new-mexico,Colfax,0.086
new-mexico,Curry,0.42
new-mexico,De Baca,0.47
new-mexico,Dona Ana,-0.178
new-mexico,Eddy,0.415
new-mexico,Grant,-0.077
new-mexico,Guadalupe,-0.204
new-mexico,Harding,0.294
new-mexico,Hidalgo,0.067
new-mexico,Lea,0.483
new-mexico,Lincoln,0.4
new-mexico,Los Alamos,-0.197
new-mexico,Luna,0.039
new-mexico,McKinley,-0.395
new-mexico,Mora,-0.358
new-mexico,Otero,0.289
new-mexico,Quay,0.334
new-mexico,Rio Arriba,-0.402
new-mexico,Roosevelt,0.41
new-mexico,San Juan,0.327
new-mexico,San Miguel,-0.463
new-mexico,Sandoval,-0.027
new-mexico,Santa Fe,-0.508
new-mexico,Sierra,0.271
new-mexico,Socorro,-0.1
new-mexico,Taos,-0.52
new-mexico,Torrance,0.306
new-mexico,Union,0.528
new-mexico,Valencia,0.086
new-york,Albany,-0.243
new-york,Allegany,0.423
new-york,Bronx,-0.791
new-york,Broome,0.037
new-york,Cattaraugus,0.344
new-york,Cayuga,0.133
new-york,Chautauqua,0.246
new-york,Chemung,0.2
new-york,Chenango,0.281
new-york,Clinton,-0.01
new-york,Columbia,-0.013
new-york,Cortland,0.067
new-york,Delaware,0.291
new-york,Dutchess,0.011
new-york,Erie,-0.047
new-york,Essex,0.034
new-york,Franklin,0.074
new-york,Fulton,0.355
new-york,Genesee,0.369
new-york,Greene,0.274
new-york,Hamilton,0.388
new-york,Herkimer,0.346
new-york,Jefferson,0.223
new-york,Kings,-0.618
new-york,Lewis,0.397
new-york,Livingston,0.279
new-york,Madison,0.159
new-york,Monroe,-0.141
new-york,Montgomery,0.265
new-york,Nassau,-0.054
new-york,New York,-0.772
new-york,Niagara,0.19
new-york,Oneida,0.211
new-york,Onondaga,-0.128
new-york,Ontario,0.087
new-york,Orange,0.064
new-york,Orleans,0.434
new-york,Oswego,0.232
new-york,Otsego,0.131
new-york,Putnam,0.178
new-york,Queens,-0.534
new-york,Rensselaer,0.029
new-york,Richmond,0.168
new-york,Rockland,-0.051
new-york,Saratoga,0.044
new-york,Schenectady,-0.059
new-york,Schoharie,0.347
new-york,Schuyler,0.287
new-york,Seneca,0.121
new-york,St. Lawrence,0.108
new-york,Steuben,0.362
new-york,Suffolk,0.082
new-york,Sullivan,0.138
new-york,Tioga,0.276
new-york,Tompkins,-0.421
new-york,Ulster,-0.092
new-york,Warren,0.106
new-york,Washington,0.202
new-york,Wayne,0.261
new-york,Westchester,-0.328
new-york,Wyoming,0.51
new-york,Yates,0.218
north-carolina,Alamance,0.129
north-carolina,Alexander,0.56
north-carolina,Alleghany,0.478
north-carolina,Anson,-0.126
north-carolina,Ashe,0.447
north-carolina,Avery,0.565
north-carolina,Beaufort,0.245
north-carolina,Bertie,-0.251
north-carolina,Bladen,0.095
north-carolina,Brunswick,0.287
north-carolina,Buncombe,-0.146
north-carolina,Burke,0.394
north-carolina,Cabarrus,0.2
north-carolina,Caldwell,0.506
north-carolina,Camden,0.458
north-carolina,Carteret,0.444
north-carolina,Caswell,0.115
north-carolina,Catawba,0.38
north-carolina,Chatham,-0.101
north-carolina,Cherokee,0.57
north-carolina,Chowan,0.143
north-carolina,Clay,0.517
north-carolina,Cleveland,0.306
north-carolina,Columbus,0.221
north-carolina,Craven,0.218
north-carolina,Cumberland,-0.16
north-carolina,Currituck,0.498
north-carolina,Dare,0.222
north-carolina,Davidson,0.493
north-carolina,Davie,0.481
north-carolina,Duplin,0.192
north-carolina,Durham,-0.604
north-carolina,Edgecombe,-0.322
north-carolina,Forsyth,-0.102
north-carolina,Franklin,0.118
north-carolina,Gaston,0.321
north-carolina,Gates,0.09
north-carolina,Graham,0.61
north-carolina,Granville,0.025
north-carolina,Greene,0.098
north-carolina,Guilford,-0.2
north-carolina,Halifax,-0.269
north-carolina,Harnett,0.241
north-carolina,Haywood,0.28
north-carolina,Henderson,0.28
north-carolina,Hertford,-0.377
north-carolina,Hoke,-0.108
north-carolina,Hyde,0.14
north-carolina,Iredell,0.368
north-carolina,Jackson,0.119
north-carolina,Johnston,0.307
north-carolina,Jones,0.179
north-carolina,Lee,0.131
north-carolina,Lenoir,0.063
north-carolina,Lincoln,0.477
north-carolina,Macon,0.415
north-carolina,Madison,0.258
north-carolina,Martin,0.005
north-carolina,McDowell,0.504
north-carolina,Mecklenburg,-0.299
north-carolina,Mitchell,0.584
north-carolina,Montgomery,0.259
north-carolina,Moore,0.296
north-carolina,Nash,0.002
north-carolina,New Hanover,0.041
north-carolina,Northampton,-0.262
north-carolina,Onslow,0.346
north-carolina,Orange,-0.51
north-carolina,Pamlico,0.266
north-carolina,Pasquotank,-0.022
north-carolina,Pender,0.304
north-carolina,Perquimans,0.281
north-carolina,Person,0.173
north-carolina,Pitt,-0.073
north-carolina,Polk,0.282
north-carolina,Randolph,0.567
north-carolina,Richmond,0.101
north-carolina,Robeson,0.048
north-carolina,Rockingham,0.3
north-carolina,Rowan,0.367
north-carolina,Rutherford,0.479
north-carolina,Sampson,0.167
north-carolina,Scotland,-0.078
north-carolina,Stanly,0.502
north-carolina,Stokes,0.556
north-carolina,Surry,0.507
north-carolina,Swain,0.23
north-carolina,Transylvania,0.225
north-carolina,Tyrrell,0.154
north-carolina,Union,0.311
north-carolina,Vance,-0.246
north-carolina,Wake,-0.205
north-carolina,Warren,-0.333
north-carolina,Washington,-0.152
north-carolina,Watauga,-0.015
north-carolina,Wayne,0.117
north-carolina,Wilkes,0.552
north-carolina,Wilson,-0.056
north-carolina,Yadkin,0.615
north-carolina,Yancey,0.325
north-dakota,Adams,0.571
north-dakota,Barnes,0.297
north-dakota,Benson,0.044
north-dakota,Billings,0.733
north-dakota,Bottineau,0.508
north-dakota,Bowman,0.689
north-dakota,Burke,0.739
north-dakota,Burleigh,0.461
north-dakota,Cass,0.107
north-dakota,Cavalier,0.447
north-dakota,Dickey,0.466
north-dakota,Divide,0.52
north-dakota,Dunn,0.635
north-dakota,Eddy,0.358
north-dakota,Emmons,0.743
north-dakota,Foster,0.524
north-dakota,Golden Valley,0.737
north-dakota,Grand Forks,0.185
north-dakota,Grant,0.67
north-dakota,Griggs,0.44
north-dakota,Hettinger,0.685
north-dakota,Kidder,0.682
north-dakota,LaMoure,0.461
north-dakota,Logan,0.733
north-dakota,McHenry,0.565
north-dakota,McIntosh,0.606
north-dakota,McKenzie,0.645
north-dakota,McLean,0.529
north-dakota,Mercer,0.679
north-dakota,Morton,0.53
north-dakota,Mountrail,0.334
north-dakota,Nelson,0.289
north-dakota,Oliver,0.706
north-dakota,Pembina,0.493
north-dakota,Pierce,0.496
north-dakota,Ramsey,0.328
north-dakota,Ransom,0.161
north-dakota,Renville,0.62
north-dakota,Richland,0.361
north-dakota,Rolette,-0.243
north-dakota,Sargent,0.2
north-dakota,Sheridan,0.711
north-dakota,Sioux,-0.426
north-dakota,Slope,0.747
north-dakota,Stark,0.658
north-dakota,Steele,0.179
north-dakota,Stutsman,0.425
north-dakota,Towner,0.377
north-dakota,Traill,0.265
north-dakota,Walsh,0.401
north-dakota,Ward,0.476
north-dakota,Wells,0.584
north-dakota,Williams,0.664
ohio,Adams,0.556
ohio,Allen,0.382
ohio,Ashland,0.478
ohio,Ashtabula,0.19
ohio,Athens,-0.17
ohio,Auglaize,0.626
ohio,Belmont,0.396
ohio,Brown,0.522
ohio,Butler,0.283
ohio,Carroll,0.464
ohio,Champaign,0.445
ohio,Clark,0.195
ohio,Clermont,0.413
ohio,Clinton,0.526
ohio,Columbiana,0.416
ohio,Coshocton,0.433
ohio,Crawford,0.467
ohio,Cuyahoga,-0.35
ohio,Darke,0.612
ohio,Defiance,0.348
ohio,Delaware,0.161
ohio,Erie,0.098
ohio,Fairfield,0.27
ohio,Fayette,0.471
ohio,Franklin,-0.259
ohio,Fulton,0.359
ohio,Gallia,0.556
ohio,Geauga,0.255
ohio,Greene,0.245
ohio,Guernsey,0.426
ohio,Hamilton,-0.096
ohio,Hancock,0.408
ohio,Hardin,0.472
ohio,Harrison,0.483
ohio,Henry,0.398
ohio,Highland,0.561
ohio,Hocking,0.365
ohio,Holmes,0.63
ohio,Huron,0.364
ohio,Jackson,0.489
ohio,Jefferson,0.356
ohio,Knox,0.382
ohio,Lake,0.156
ohio,Lawrence,0.439
ohio,Licking,0.289
ohio,Logan,0.526
ohio,Lorain,0.003
ohio,Lucas,-0.173
ohio,Madison,0.398
ohio,Mahoning,-0.03
ohio,Marion,0.344
ohio,Medina,0.249
ohio,Meigs,0.501
ohio,Mercer,0.651
ohio,Miami,0.457
ohio,Monroe,0.469
ohio,Montgomery,0.013
ohio,Morgan,0.414
ohio,Morrow,0.495
ohio,Muskingum,0.349
ohio,Noble,0.552
ohio,Ottawa,0.196
ohio,Paulding,0.485
ohio,Perry,0.403
ohio,Pickaway,0.426
ohio,Pike,0.367
ohio,Portage,0.102
ohio,Preble,0.54
ohio,Putnam,0.644
ohio,Richland,0.375
ohio,Ross,0.274
ohio,Sandusky,0.23
ohio,Scioto,0.368
ohio,Seneca,0.312
ohio,Shelby,0.606
ohio,Stark,0.174
ohio,Summit,-0.082
ohio,Trumbull,0.064
ohio,Tuscarawas,0.354
ohio,Union,0.379
ohio,Van Wert,0.564
ohio,Vinton,0.457
ohio,Warren,0.376
ohio,Washington,0.416
ohio,Wayne,0.349
ohio,Williams,0.438
ohio,Wood,0.085
ohio,Wyandot,0.468
oklahoma,Adair,0.523
oklahoma,Alfalfa,0.76
oklahoma,Atoka,0.654
oklahoma,Beaver,0.809
oklahoma,Beckham,0.708
oklahoma,Blaine,0.573
oklahoma,Bryan,0.556
oklahoma,Caddo,0.434
oklahoma,Canadian,0.512
oklahoma,Carter,0.526
oklahoma,Cherokee,0.275
oklahoma,Choctaw,0.579
oklahoma,Cimarron,0.828
oklahoma,Cleveland,0.216
oklahoma,Coal,0.619
oklahoma,Comanche,0.237
oklahoma,Cotton,0.626
oklahoma,Craig,0.525
oklahoma,Creek,0.545
oklahoma,Custer,0.542
oklahoma,Delaware,0.541
oklahoma,Dewey,0.775
oklahoma,Ellis,0.797
oklahoma,Garfield,0.536
oklahoma,Garvin,0.607
oklahoma,Grady,0.603
oklahoma,Grant,0.7
oklahoma,Greer,0.612
oklahoma,Harmon,0.502
oklahoma,Harper,0.792
oklahoma,Haskell,0.595
oklahoma,Hughes,0.537
oklahoma,Jackson,0.576
oklahoma,Jefferson,0.656
oklahoma,Johnston,0.575
oklahoma,Kay,0.503
oklahoma,Kingfisher,0.713
oklahoma,Kiowa,0.523
oklahoma,Latimer,0.567
oklahoma,Le Flore,0.587
oklahoma,Lincoln,0.601
oklahoma,Logan,0.494
oklahoma,Love,0.577
oklahoma,Major,0.774
oklahoma,Marshall,0.566
oklahoma,Mayes,0.517
oklahoma,Mcclain,0.609
oklahoma,Mccurtain,0.639
oklahoma,Mcintosh,0.424
oklahoma,Murray,0.558
oklahoma,Muskogee,0.292
oklahoma,Noble,0.576
oklahoma,Nowata,0.609
oklahoma,Okfuskee,0.47
oklahoma,Oklahoma,0.105
oklahoma,Okmulgee,0.327
oklahoma,Osage,0.368
oklahoma,Ottawa,0.472
oklahoma,Pawnee,0.532
oklahoma,Payne,0.283
oklahoma,Pittsburg,0.524
oklahoma,Pontotoc,0.458
oklahoma,Pottawatomie,0.465
oklahoma,Pushmataha,0.632
oklahoma,Roger Mills,0.793
oklahoma,Rogers,0.564
oklahoma,Seminole,0.442
oklahoma,Sequoyah,0.542
oklahoma,Stephens,0.62
oklahoma,Texas,0.652
oklahoma,Tillman,0.475
oklahoma,Tulsa,0.228
oklahoma,Wagoner,0.52
oklahoma,Washington,0.485
oklahoma,Washita,0.705
oklahoma,Woods,0.662
oklahoma,Woodward,0.721
oregon,Baker,0.517
oregon,Benton,-0.338
oregon,Clackamas,-0.061
oregon,Clatsop,-0.061
oregon,Columbia,0.12
oregon,Coos,0.243
oregon,Crook,0.498
oregon,Curry,0.238
oregon,Deschutes,0.038
oregon,Douglas,0.393
oregon,Gilliam,0.438
oregon,Grant,0.589
oregon,Harney,0.577
oregon,Hood River,-0.302
oregon,Jackson,0.091
oregon,Jefferson,0.275
oregon,Josephine,0.314
oregon,Klamath,0.448
oregon,Lake,0.622
oregon,Lane,-0.189
oregon,Lincoln,-0.1
oregon,Linn,0.278
oregon,Malheur,0.496
oregon,Marion,0.05
oregon,Morrow,0.424
oregon,Multnomah,-0.584
oregon,Polk,0.07
oregon,Sherman,0.534
oregon,Tillamook,0.059
oregon,Umatilla,0.356
oregon,Union,0.414
oregon,Wallowa,0.413
oregon,Wasco,0.096
oregon,Washington,-0.267
oregon,Wheeler,0.543
oregon,Yamhill,0.088
pennsylvania,Adams,0.364
pennsylvania,Allegheny,-0.164
pennsylvania,Armstrong,0.52
pennsylvania,Beaver,0.201
pennsylvania,Bedford,0.674
pennsylvania,Berks,0.102
pennsylvania,Blair,0.463
pennsylvania,Bradford,0.46
pennsylvania,Bucks,-0.006
pennsylvania,Butler,0.375
pennsylvania,Cambria,0.377
pennsylvania,Cameron,0.507
pennsylvania,Carbon,0.342
pennsylvania,Centre,-0.019
pennsylvania,Chester,-0.093
pennsylvania,Clarion,0.475
pennsylvania,Clearfield,0.495
pennsylvania,Clinton,0.349
pennsylvania,Columbia,0.328
pennsylvania,Crawford,0.385
pennsylvania,Cumberland,0.186
pennsylvania,Dauphin,-0.028
pennsylvania,Delaware,-0.22
pennsylvania,Elk,0.437
pennsylvania,Erie,0.02
pennsylvania,Fayette,0.31
pennsylvania,Forest,0.44
pennsylvania,Franklin,0.465
pennsylvania,Fulton,0.708
pennsylvania,Greene,0.417
pennsylvania,Huntingdon,0.507
pennsylvania,Indiana,0.357
pennsylvania,Jefferson,0.598
pennsylvania,Juniata,0.618
pennsylvania,Lackawanna,-0.034
pennsylvania,Lancaster,0.196
pennsylvania,Lawrence,0.28
pennsylvania,Lebanon,0.356
pennsylvania,Lehigh,-0.045
pennsylvania,Luzerne,0.196
pennsylvania,Lycoming,0.448
pennsylvania,Mckean,0.473
pennsylvania,Mercer,0.25
pennsylvania,Mifflin,0.575
pennsylvania,Monroe,-0.003
pennsylvania,Montgomery,-0.211
pennsylvania,Montour,0.284
pennsylvania,Northampton,0.038
pennsylvania,Northumberland,0.435
pennsylvania,Perry,0.519
pennsylvania,Philadelphia,-0.669
pennsylvania,Pike,0.26
pennsylvania,Potter,0.636
pennsylvania,Schuylkill,0.433
pennsylvania,Snyder,0.473
pennsylvania,Somerset,0.559
pennsylvania,Sullivan,0.493
pennsylvania,Susquehanna,0.428
pennsylvania,Tioga,0.536
pennsylvania,Union,0.256
pennsylvania,Venango,0.423
pennsylvania,Warren,0.409
pennsylvania,Washington,0.253
pennsylvania,Wayne,0.397
pennsylvania,Westmoreland,0.314
pennsylvania,Wyoming,0.386
pennsylvania,York,0.293
rhode-island,Bristol,-0.228
rhode-island,Kent,0.007
rhode-island,Newport,-0.194
rhode-island,Providence,-0.212
rhode-island,Washington,-0.101
south-carolina,Abbeville,0.283
south-carolina,Aiken,0.275
south-carolina,Allendale,-0.541
south-carolina,Anderson,0.437
south-carolina,Bamberg,-0.272
south-carolina,Barnwell,0.052
south-carolina,Beaufort,0.143
south-carolina,Berkeley,0.174
south-carolina,Calhoun,0.028
south-carolina,Charleston,-0.078
south-carolina,Cherokee,0.417
south-carolina,Chester,0.049
south-carolina,Chesterfield,0.143
south-carolina,Clarendon,-0.026
south-carolina,Colleton,0.085
south-carolina,Darlington,0.037
south-carolina,Dillon,-0.017
south-carolina,Dorchester,0.175
south-carolina,Edgefield,0.202
south-carolina,Fairfield,-0.258
south-carolina,Florence,0.05
south-carolina,Georgetown,0.13
south-carolina,Greenville,0.247
south-carolina,Greenwood,0.218
south-carolina,Hampton,-0.191
south-carolina,Horry,0.378
south-carolina,Jasper,-0.119
south-carolina,Kershaw,0.249
south-carolina,Lancaster,0.255
south-carolina,Laurens,0.299
south-carolina,Lee,-0.293
south-carolina,Lexington,0.368
south-carolina,Marion,-0.217
south-carolina,Marlboro,-0.162
south-carolina,McCormick,0.033
south-carolina,Newberry,0.226
south-carolina,Oconee,0.481
south-carolina,Orangeburg,-0.369
south-carolina,Pickens,0.528
south-carolina,Richland,-0.329
south-carolina,Saluda,0.318
south-carolina,Spartanburg,0.3
south-carolina,Sumter,-0.12
south-carolina,Union,0.193
south-carolina,Williamsburg,-0.338
south-carolina,York,0.22
south-dakota,Aurora,0.45
south-dakota,Beadle,0.376
south-dakota,Bennett,0.221
south-dakota,Bon Homme,0.471
south-dakota,Brookings,0.147
south-dakota,Brown,0.259
south-dakota,Brule,0.434
south-dakota,Buffalo,-0.255
south-dakota,Butte,0.613
south-dakota,Campbell,0.721
south-dakota,Charles Mix,0.422
south-dakota,Clark,0.447
south-dakota,Clay,-0.098
south-dakota,Codington,0.393
south-dakota,Corson,0.045
south-dakota,Custer,0.461
south-dakota,Davison,0.353
south-dakota,Day,0.237
south-dakota,Deuel,0.383
south-dakota,Dewey,-0.096
south-dakota,Douglas,0.701
south-dakota,Edmunds,0.549
south-dakota,Fall River,0.475
south-dakota,Faulk,0.585
south-dakota,Grant,0.396
south-dakota,Gregory,0.578
south-dakota,Haakon,0.823
south-dakota,Hamlin,0.542
south-dakota,Hand,0.581
south-dakota,Hanson,0.535
south-dakota,Harding,0.853
south-dakota,Hughes,0.333
south-dakota,Hutchinson,0.542
south-dakota,Hyde,0.606
south-dakota,Jackson,0.364
south-dakota,Jerauld,0.397
south-dakota,Jones,0.682
south-dakota,Kingsbury,0.383
south-dakota,Lake,0.254
south-dakota,Lawrence,0.343
south-dakota,Lincoln,0.294
south-dakota,Lyman,0.428
south-dakota,Marshall,0.155
south-dakota,McCook,0.452
south-dakota,McPherson,0.616
south-dakota,Meade,0.535
south-dakota,Mellette,0.241
south-dakota,Miner,0.4
south-dakota,Minnehaha,0.146
south-dakota,Moody,0.234
south-dakota,Oglala Lakota,-0.782
south-dakota,Pennington,0.329
south-dakota,Perkins,0.713
south-dakota,Potter,0.64
south-dakota,Roberts,0.155
south-dakota,Sanborn,0.514
south-dakota,Spink,0.317
south-dakota,Stanley,0.523
south-dakota,Sully,0.63
south-dakota,Todd,-0.479
south-dakota,Tripp,0.611
south-dakota,Turner,0.476
south-dakota,Union,0.388
south-dakota,Walworth,0.581
south-dakota,Yankton,0.245
south-dakota,Ziebach,0.02
tennessee,Anderson,0.343
tennessee,Bedford,0.528
tennessee,Benton,0.513
tennessee,Bledsoe,0.586
tennessee,Blount,0.488
tennessee,Bradley,0.591
tennessee,Campbell,0.609
tennessee,Cannon,0.544
tennessee,Carroll,0.523
tennessee,Carter,0.641
tennessee,Cheatham,0.469
tennessee,Chester,0.603
tennessee,Claiborne,0.631
tennessee,Clay,0.491
tennessee,Cocke,0.645
tennessee,Coffee,0.486
tennessee,Crockett,0.496
tennessee,Cumberland,0.578
tennessee,Davidson,-0.26
tennessee,Decatur,0.587
tennessee,Dekalb,0.518
tennessee,Dickson,0.457
tennessee,Dyer,0.554
tennessee,Fayette,0.372
tennessee,Fentress,0.675
tennessee,Franklin,0.437
tennessee,Gibson,0.437
tennessee,Giles,0.454
tennessee,Grainger,0.684
tennessee,Greene,0.61
tennessee,Grundy,0.553
tennessee,Hamblen,0.572
tennessee,Hamilton,0.166
tennessee,Hancock,0.682
tennessee,Hardeman,0.079
tennessee,Hardin,0.642
tennessee,Hawkins,0.634
tennessee,Haywood,-0.102
tennessee,Henderson,0.621
tennessee,Henry,0.498
tennessee,Hickman,0.497
tennessee,Houston,0.416
tennessee,Humphreys,0.414
tennessee,Jackson,0.472
tennessee,Jefferson,0.593
tennessee,Johnson,0.673
tennessee,Knox,0.239
tennessee,Lake,0.396
tennessee,Lauderdale,0.142
tennessee,Lawrence,0.613
tennessee,Lewis,0.585
tennessee,Lincoln,0.59
tennessee,Loudon,0.544
tennessee,Macon,0.693
tennessee,Madison,0.156
tennessee,Marion,0.448
tennessee,Marshall,0.466
tennessee,Maury,0.392
tennessee,Mcminn,0.597
tennessee,Mcnairy,0.597
tennessee,Meigs,0.575
tennessee,Monroe,0.597
tennessee,Montgomery,0.185
tennessee,Moore,0.625
tennessee,Morgan,0.657
tennessee,Obion,0.581
tennessee,Overton,0.502
tennessee,Perry,0.55
tennessee,Pickett,0.569
tennessee,Polk,0.59
tennessee,Putnam,0.45
tennessee,Rhea,0.613
tennessee,Roane,0.511
tennessee,Robertson,0.472
tennessee,Rutherford,0.261
tennessee,Scott,0.718
tennessee,Sequatchie,0.597
tennessee,Sevier,0.617
tennessee,Shelby,-0.277
tennessee,Smith,0.512
tennessee,Stewart,0.5
tennessee,Sullivan,0.562
tennessee,Sumner,0.45
tennessee,Tipton,0.476
tennessee,Trousdale,0.368
tennessee,Unicoi,0.615
tennessee,Union,0.647
tennessee,Van Buren,0.53
tennessee,Warren,0.442
tennessee,Washington,0.429
tennessee,Wayne,0.739
tennessee,Weakley,0.514
tennessee,White,0.595
tennessee,Williamson,0.355
tennessee,Wilson,0.443
texas,Anderson,0.581
texas,Andrews,0.627
texas,Angelina,0.473
texas,Aransas,0.504
texas,Archer,0.795
texas,Armstrong,0.84
texas,Atascosa,0.291
texas,Austin,0.597
texas,Bailey,0.53
texas,Bandera,0.63
texas,Bastrop,0.203
texas,Baylor,0.721
texas,Bee,0.154
texas,Bell,0.151
texas,Bexar,-0.135
texas,Blanco,0.524
texas,Borden,0.819
texas,Bosque,0.647
texas,Bowie,0.467
texas,Brazoria,0.246
texas,Brazos,0.236
texas,Brewster,0.049
texas,Briscoe,0.727
texas,Brooks,-0.51
texas,Brown,0.745
texas,Burleson,0.55
texas,Burnet,0.567
texas,Caldwell,0.158
texas,Calhoun,0.363
texas,Callahan,0.772
texas,Cameron,-0.325
texas,Camp,0.428
texas,Carson,0.804
texas,Cass,0.597
texas,Castro,0.444
texas,Chambers,0.621
texas,Cherokee,0.564
texas,Childress,0.744
texas,Clay,0.766
texas,Cochran,0.543
texas,Coke,0.791
texas,Coleman,0.768
texas,Collin,0.17
texas,Collingsworth,0.726
texas,Colorado,0.513
texas,Comal,0.501
texas,Comanche,0.675
texas,Concho,0.69
texas,Cooke,0.681
texas,Coryell,0.395
texas,Cottle,0.69
texas,Crane,0.541
texas,Crockett,0.436
texas,Crosby,0.416
texas,Culberson,-0.229
texas,Dallam,0.675
texas,Dallas,-0.262
texas,Dawson,0.506
texas,Deaf Smith,0.411
texas,Delta,0.63
texas,Denton,0.202
texas,Dewitt,0.638
texas,Dickens,0.69
texas,Dimmit,-0.372
texas,Donley,0.709
texas,Duval,-0.353
texas,Eastland,0.754
texas,Ector,0.406
texas,Edwards,0.412
texas,El Paso,-0.432
texas,Ellis,0.454
texas,Erath,0.655
texas,Falls,0.336
texas,Fannin,0.62
texas,Fayette,0.591
texas,Fisher,0.501
texas,Floyd,0.53
texas,Foard,0.529
texas,Fort Bend,-0.066
texas,Franklin,0.67
texas,Freestone,0.596
texas,Frio,-0.063
texas,Gaines,0.718
texas,Galveston,0.226
texas,Garza,0.677
texas,Gillespie,0.622
texas,Glasscock,0.863
texas,Goliad,0.443
texas,Gonzales,0.478
texas,Gray,0.787
texas,Grayson,0.531
texas,Gregg,0.413
texas,Grimes,0.511
texas,Guadalupe,0.318
texas,Hale,0.484
texas,Hall,0.667
texas,Hamilton,0.714
texas,Hansford,0.801
texas,Hardeman,0.634
texas,Hardin,0.739
texas,Harris,-0.124
texas,Harrison,0.44
texas,Hartley,0.8
texas,Haskell,0.617
texas,Hays,0.009
texas,Hemphill,0.758
texas,Henderson,0.601
texas,Hidalgo,-0.405
texas,Hill,0.585
texas,Hockley,0.623
texas,Hood,0.665
texas,Hopkins,0.608
texas,Houston,0.509
texas,Howard,0.56
texas,Hudspeth,0.205
texas,Hunt,0.563
texas,Hutchinson,0.761
texas,Irion,0.75
texas,Jack,0.796
texas,Jackson,0.638
texas,Jasper,0.599
texas,Jeff Davis,0.232
texas,Jefferson,0.005
texas,Jim Hogg,-0.569
texas,Jim Wells,-0.104
texas,Johnson,0.583
texas,Jones,0.654
texas,Karnes,0.434
texas,Kaufman,0.471
texas,Kendall,0.604
texas,Kenedy,-0.08
texas,Kent,0.695
texas,Kerr,0.563
texas,Kimble,0.766
texas,King,0.906
texas,Kinney,0.336
texas,Kleberg,-0.037
texas,Knox,0.612
texas,La Salle,-0.124
texas,Lamar,0.592
texas,Lamb,0.581
texas,Lampasas,0.601
texas,Lavaca,0.714
texas,Lee,0.556
texas,Leon,0.74
texas,Liberty,0.58
texas,Limestone,0.522
texas,Lipscomb,0.775
texas,Live Oak,0.636
texas,Llano,0.622
texas,Loving,0.828
texas,Lubbock,0.384
texas,Lynn,0.572
texas,Madison,0.576
texas,Marion,0.431
texas,Martin,0.676
texas,Mason,0.635
texas,Matagorda,0.407
texas,Maverick,-0.558
texas,Mcculloch,0.669
texas,Mclennan,0.271
texas,Mcmullen,0.833
texas,Medina,0.432
texas,Menard,0.614
texas,Midland,0.552
texas,Milam,0.5
texas,Mills,0.763
texas,Mitchell,0.652
texas,Montague,0.772
texas,Montgomery,0.515
texas,Moore,0.547
texas,Morris,0.407
texas,Motley,0.856
texas,Nacogdoches,0.354
texas,Navarro,0.488
texas,Newton,0.494
texas,Nolan,0.532
texas,Nueces,0.016
texas,Ochiltree,0.79
texas,Oldham,0.816
texas,Orange,0.619
texas,Palo Pinto,0.641
texas,Panola,0.635
texas,Parker,0.675
texas,Parmer,0.377
texas,Pecos,0.219
texas,Polk,0.565
texas,Potter,0.419
texas,Presidio,-0.366
texas,Rains,0.712
texas,Randall,0.651
texas,Reagan,0.602
texas,Real,0.668
texas,Red River,0.539
texas,Reeves,-0.076
texas,Refugio,0.27
texas,Roberts,0.917
texas,Robertson,0.351
texas,Rockwall,0.474
texas,Runnels,0.741
texas,Rusk,0.566
texas,Sabine,0.728
texas,San Augustine,0.48
texas,San Jacinto,0.584
texas,San Patricio,0.24
texas,San Saba,0.736
texas,Schleicher,0.579
texas,Scurry,0.698
texas,Shackelford,0.848
texas,Shelby,0.596
texas,Sherman,0.762
texas,Smith,0.439
texas,Somervell,0.688
texas,Starr,-0.601
texas,Stephens,0.777
texas,Sterling,0.756
texas,Stonewall,0.599
texas,Sutton,0.539
texas,Swisher,0.552
texas,Tarrant,0.087
texas,Taylor,0.511
texas,Terrell,0.337
texas,Terry,0.495
texas,Throckmorton,0.781
texas,Titus,0.421
texas,Tom Green,0.479
texas,Travis,-0.389
texas,Trinity,0.599
texas,Tyler,0.672
texas,Upshur,0.68
texas,Upton,0.523
texas,Uvalde,0.108
texas,Val Verde,-0.079
texas,Van Zandt,0.721
texas,Victoria,0.4
texas,Walker,0.345
texas,Waller,0.286
texas,Ward,0.516
texas,Washington,0.513
texas,Webb,-0.516
texas,Wharton,0.402
texas,Wheeler,0.821
texas,Wichita,0.497
texas,Wilbarger,0.575
texas,Willacy,-0.369
texas,Williamson,0.099
texas,Wilson,0.478
texas,Winkler,0.525
texas,Wise,0.7
texas,Wood,0.7
texas,Yoakum,0.597
texas,Young,0.746
texas,Zapata,-0.328
texas,Zavala,-0.573
utah,Beaver,0.634
utah,Box Elder,0.514
utah,Cache,0.262
utah,Carbon,0.441
utah,Daggett,0.54
utah,Davis,0.229
utah,Duchesne,0.722
utah,Emery,0.709
utah,Garfield,0.534
utah,Grand,0.001
utah,Iron,0.502
utah,Juab,0.57
utah,Kane,0.434
utah,Millard,0.656
utah,Morgan,0.503
utah,Piute,0.82
utah,Rich,0.622
utah,Salt Lake,-0.125
utah,San Juan,0.247
utah,Sanpete,0.553
utah,Sevier,0.694
utah,Summit,-0.153
utah,Tooele,0.301
utah,Uintah,0.688
utah,Utah,0.376
utah,Wasatch,0.254
utah,Washington,0.515
utah,Wayne,0.488
utah,Weber,0.2
vermont,Addison,-0.337
vermont,Bennington,-0.222
vermont,Caledonia,-0.07
vermont,Chittenden,-0.468
vermont,Essex,0.18
vermont,Franklin,-0.031
vermont,Grand Isle,-0.16
vermont,Lamoille,-0.312
vermont,Orange,-0.188
vermont,Orleans,-0.003
vermont,Rutland,-0.042
vermont,Washington,-0.37
vermont,Windham,-0.42
vermont,Windsor,-0.321
virginia,Accomack,0.117
virginia,Albemarle,-0.25
virginia,Alleghany,-0.59
virginia,Amelia,0.371
virginia,Amherst,0.363
virginia,Appomattox,0.307
virginia,Arlington,0.464
virginia,Augusta,-0.601
virginia,Bath,0.492
virginia,Bedford,0.421
virginia,Bland,0.494
virginia,Botetourt,0.678
virginia,Brunswick,0.476
virginia,Buchanan,0.438
virginia,Buckingham,-0.187
virginia,Campbell,0.604
virginia,Caroline,0.116
virginia,Carroll,0.309
virginia,Charlotte,0.472
virginia,Chesterfield,0.05
virginia,Clarke,0.596
virginia,Craig,-0.23
virginia,Culpeper,0.229
virginia,Cumberland,-0.671
virginia,Dickenson,0.013
virginia,Dinwiddie,0.023
virginia,Essex,0.198
virginia,Fairfax,0.393
virginia,Fauquier,0.183
virginia,Floyd,0.574
virginia,Fluvanna,0.253
virginia,Franklin,0.135
virginia,Frederick,-0.199
virginia,Giles,0.562
virginia,Gloucester,0.124
virginia,Goochland,-0.312
virginia,Grayson,0.021
virginia,Greene,-0.362
virginia,Greensville,-0.309
virginia,Halifax,-0.585
virginia,Hanover,0.247
virginia,Henrico,0.374
virginia,Henry,0.094
virginia,Highland,0.421
virginia,Isle of Wight,-0.271
virginia,King George,-0.266
virginia,King William,0.39
virginia,King and Queen,0.353
virginia,Lancaster,0.486
virginia,Lee,0.393
virginia,Loudoun,0.25
virginia,Louisa,0.577
virginia,Lunenburg,0.317
virginia,Madison,-0.188
virginia,Mathews,0.165
virginia,Mecklenburg,-0.377
virginia,Middlesex,0.324
virginia,Montgomery,-0.219
virginia,Nelson,-0.21
virginia,New Kent,0.292
virginia,Northampton,0.422
virginia,Northumberland,-0.094
virginia,Nottoway,0.209
virginia,Orange,0.051
virginia,Page,0.169
virginia,Patrick,0.279
virginia,Pittsylvania,0.353
virginia,Powhatan,0.099
virginia,Prince Edward,0.632
virginia,Prince George,-0.305
virginia,Prince William,-0.168
virginia,Pulaski,0.245
virginia,Rappahannock,0.176
virginia,Richmond,0.091
virginia,Roanoke,0.319
virginia,Rockbridge,-0.162
virginia,Rockingham,-0.285
virginia,Russell,-0.235
virginia,Scott,0.369
virginia,Shenandoah,0.113
virginia,Smyth,0.26
virginia,Southampton,-0.013
virginia,Spotsylvania,0.057
virginia,Stafford,0.376
virginia,Surry,-0.253
virginia,Sussex,-0.42
virginia,Tazewell,-0.093
virginia,Warren,0.276
virginia,Washington,0.438
virginia,Westmoreland,0.132
virginia,Wise,0.266
virginia,Wythe,0.498
virginia,York,0.552
washington,Adams,0.397
washington,Asotin,0.268
washington,Benton,0.268
washington,Chelan,0.15
washington,Clallam,0.001
washington,Clark,-0.008
washington,Columbia,0.445
washington,Cowlitz,0.129
washington,Douglas,0.305
washington,Ferry,0.31
washington,Franklin,0.18
washington,Garfield,0.459
washington,Grant,0.383
washington,Grays Harbor,0.068
washington,Island,-0.062
washington,Jefferson,-0.327
washington,King,-0.513
washington,Kitsap,-0.128
washington,Kittitas,0.151
washington,Klickitat,0.152
washington,Lewis,0.349
washington,Lincoln,0.504
washington,Mason,0.061
washington,Okanogan,0.201
washington,Pacific,0.061
washington,Pend Oreille,0.359
washington,Pierce,-0.077
washington,San Juan,-0.419
washington,Skagit,-0.066
washington,Skamania,0.13
washington,Snohomish,-0.18
washington,Spokane,0.076
washington,Stevens,0.394
washington,Thurston,-0.153
washington,Wahkiakum,0.216
washington,Walla Walla,0.162
washington,Whatcom,-0.175
washington,Whitman,-0.02
washington,Yakima,0.182
west-virginia,Barbour,0.548
west-virginia,Berkeley,0.373
west-virginia,Boone,0.543
west-virginia,Braxton,0.434
west-virginia,Brooke,0.422
west-virginia,Cabell,0.255
west-virginia,Calhoun,0.602
west-virginia,Clay,0.583
west-virginia,Doddridge,0.704
west-virginia,Fayette,0.396
west-virginia,Gilmer,0.535
west-virginia,Grant,0.774
west-virginia,Greenbrier,0.411
west-virginia,Hampshire,0.593
west-virginia,Hancock,0.445
west-virginia,Hardy,0.548
west-virginia,Harrison,0.396
west-virginia,Jackson,0.521
west-virginia,Jefferson,0.154
west-virginia,Kanawha,0.207
west-virginia,Lewis,0.568
west-virginia,Lincoln,0.547
west-virginia,Logan,0.632
west-virginia,Marion,0.335
west-virginia,Marshall,0.51
west-virginia,Mason,0.546
west-virginia,Mcdowell,0.516
west-virginia,Mercer,0.553
west-virginia,Mineral,0.608
west-virginia,Mingo,0.688
west-virginia,Monongalia,0.104
west-virginia,Monroe,0.573
west-virginia,Morgan,0.544
west-virginia,Nicholas,0.57
west-virginia,Ohio,0.316
west-virginia,Pendleton,0.517
west-virginia,Pleasants,0.55
west-virginia,Pocahontas,0.429
west-virginia,Preston,0.558
west-virginia,Putnam,0.477
west-virginia,Raleigh,0.528
west-virginia,Randolph,0.449
west-virginia,Ritchie,0.715
west-virginia,Roane,0.488
west-virginia,Summers,0.466
west-virginia,Taylor,0.495
west-virginia,Tucker,0.521
west-virginia,Tyler,0.68
west-virginia,Upshur,0.567
west-virginia,Wayne,0.514
west-virginia,Webster,0.586
west-virginia,Wetzel,0.503
west-virginia,Wirt,0.631
west-virginia,Wood,0.478
west-virginia,Wyoming,0.7
wisconsin,Adams,0.218
wisconsin,Ashland,-0.089
wisconsin,Barron,0.254
wisconsin,Bayfield,-0.087
wisconsin,Brown,0.108
wisconsin,Buffalo,0.219
wisconsin,Burnett,0.283
wisconsin,Calumet,0.216
wisconsin,Chippewa,0.192
wisconsin,Clark,0.326
wisconsin,Columbia,0.021
wisconsin,Crawford,0.055
wisconsin,Dane,-0.48
wisconsin,Dodge,0.296
wisconsin,Door,0.032
wisconsin,Douglas,-0.076
wisconsin,Dunn,0.111
wisconsin,Eau Claire,-0.073
wisconsin,Florence,0.465
wisconsin,Fond du Lac,0.268
wisconsin,Forest,0.267
wisconsin,Grant,0.095
wisconsin,Green,-0.022
wisconsin,Green Lake,0.377
wisconsin,Iowa,-0.153
wisconsin,Iron,0.235
wisconsin,Jackson,0.118
wisconsin,Jefferson,0.162
wisconsin,Juneau,0.263
wisconsin,Kenosha,0.003
wisconsin,Kewaunee,0.279
wisconsin,La Crosse,-0.096
wisconsin,Lafayette,0.09
wisconsin,Langlade,0.315
wisconsin,Lincoln,0.208
wisconsin,Manitowoc,0.217
wisconsin,Marathon,0.182
wisconsin,Marinette,0.338
wisconsin,Marquette,0.244
wisconsin,Menominee,-0.574
wisconsin,Milwaukee,-0.374
wisconsin,Monroe,0.225
wisconsin,Oconto,0.37
wisconsin,Oneida,0.171
wisconsin,Outagamie,0.141
wisconsin,Ozaukee,0.193
wisconsin,Pepin,0.236
wisconsin,Pierce,0.137
wisconsin,Polk,0.277
wisconsin,Portage,-0.032
wisconsin,Price,0.25
wisconsin,Racine,0.044
wisconsin,Richland,0.056
wisconsin,Rock,-0.104
wisconsin,Rusk,0.34
wisconsin,Sauk,-0.005
wisconsin,Sawyer,0.229
wisconsin,Shawano,0.34
wisconsin,Sheboygan,0.167
wisconsin,St. Croix,0.184
wisconsin,Taylor,0.445
wisconsin,Trempealeau,0.127
wisconsin,Vernon,0.046
wisconsin,Vilas,0.253
wisconsin,Walworth,0.2
wisconsin,Washburn,0.235
wisconsin,Washington,0.404
wisconsin,Waukesha,0.281
wisconsin,Waupaca,0.302
wisconsin,Waushara,0.323
wisconsin,Winnebago,0.075
wisconsin,Wood,0.193
wyoming,Albany,0.044
wyoming,Big Horn,0.684
wyoming,Campbell,0.806
wyoming,Carbon,0.505
wyoming,Converse,0.74
wyoming,Crook,0.816
wyoming,Fremont,0.421
wyoming,Goshen,0.612
wyoming,Hot Springs,0.607
wyoming,Johnson,0.652
wyoming,Laramie,0.332
wyoming,Lincoln,0.675
wyoming,Natrona,0.522
wyoming,Niobrara,0.771
wyoming,Park,0.587
wyoming,Platte,0.61
wyoming,Sheridan,0.518
wyoming,Sublette,0.643
wyoming,Sweetwater,0.535
wyoming,Teton,-0.279
wyoming,Uinta,0.615
wyoming,Washakie,0.641
wyoming,Weston,0.781
